pk,example_field
10,"[0.5275339014438906, 0.8758155860310148]"
11,"[0.32614994741003844, 0.7216930165799692]"
12,"[0.9719902506564256, 0.950711164180219]"
13,"[0.42837365086107937, 0.5735495240709496]"
14,"[0.946322092949291, 0.04240756243057753]"
15,"[0.24152827029505886, 0.017982795845112642]"
16,"[0.3371050375716036, 0.3838769652653762]"
17,"[0.9651945972013705, 0.23026594888424967]"
18,"[0.5870557638943276, 0.5176694537105202]"
19,"[1.0, 1.0]"
