pk,example_field
0,"[0.7557877555376139, 0.25229345875779885]"
1,"[0.8600653195645289, 0.1893172368186189]"
2,"[0.7965449864913908, 0.8776083346910223]"
3,"[0.9634017957139724, 0.6253039402112957]"
4,"[0.28414077166779006, 0.3333107621432321]"
5,"[0.994780806773398, 0.6500753537255438]"
6,"[0.964529530729334, 0.16023970842691115]"
7,"[0.3482648890188348, 0.12268183013676259]"
8,"[0.4925992261947133, 0.7287938593860184]"
9,"[0.20008680425792114, 0.7574112272228556]"
